id;message;created_by;created_date;last_modified_by;last_modified_date
1;asynchronous;Metrics application hacking;2022-10-22T12:32:20;solution Bedfordshire B2B;2022-10-22T13:47:31
2;Car explicit;Monaco;2022-10-21T22:23:50;Ethiopia Customer;2022-10-22T00:59:03
3;Haiti;Sausages;2022-10-22T00:22:38;reinvent program;2022-10-22T14:32:49
4;Chair Sharable hack;bandwidth;2022-10-22T01:00:27;Extension Table;2022-10-22T01:35:01
5;British Specialist Card;Clothing;2022-10-22T05:30:22;aggregate Rustic;2022-10-22T07:26:15
6;tan mobile projection;River Handcrafted focus;2022-10-22T07:56:16;Avon impactful calculate;2022-10-21T15:30:45
7;Manor deposit;Mississippi compress;2022-10-21T22:08:11;Developer Leu York;2022-10-22T00:23:23
8;Customer Practical;markets Legacy Account;2022-10-21T21:27:09;Ranch;2022-10-22T07:36:03
9;EXE;Mali;2022-10-21T16:53:11;indexing Cambridgeshire purple;2022-10-21T17:09:07
10;Plaza compelling e-enable;Profound;2022-10-22T01:01:34;Computers Cotton Checking;2022-10-22T08:25:31
